INSERT INTO "пользователь" ("id", "имя", "фамилия", "google_auth")
VALUES (1, 'Петр', 'Петров', 'petr.petrov@gmail.com'),
 (2, 'Вася', 'Васькин', 'vasya.vaskin@gmail.com'),
       (3, 'Егор', 'Егоров', 'egor.egorov@gmail.com');

INSERT INTO "обложка" ("id", "данные")
VALUES (1, 'abc \153\154\155 \052\251\124'::bytea),
 (2, 'abc \154\155\155 \053\252\125'::bytea),
 (3, 'abc \155\156\157 \054\253\126'::bytea);

INSERT INTO "жанры" ("id", "название_жанра")
VALUES
    (1, 'Фантастика'),
 (2, 'Фэнтези'),
 (3, 'Романтика');

INSERT INTO "статус" ("id", "статус_книги")
VALUES
(1,'READING'),
(2,'READ'),
(3,'NOT_INTERESTING'),
(4,'READ_LATER');


INSERT INTO "завершённость" ("id", "завершённость")
VALUES (1, 'Завершено'),
 (2, 'В процессе');

INSERT INTO "книги" ("id", "название", "автор", "аннотация", "жанр", "завершённость", "просмотры", "дата_обновления", "обложка", "черновик")
VALUES (1, 'В поисках кота', 1, 'Поиск кота поистине важен!', 2, 1, 3, '2001-09-28', 1, false),
 (2, 'Что делать когда кот найден', 1, 'Найти кота важно, но что делать после?', 1, 2, 0, '2022-02-12', 2,  true),
 (3, 'Жизнь после второй смерти', 2, 'Даже вторая жизнь не удалась! как жить дальше?', 3, 2, 2, '2022-02-12', 3, false);

INSERT INTO "библиотека" ("пользователь", "книга", "статус")
VALUES (2, 3, 3),
 (3, 1, 2),
 (3, 2, 1);

INSERT INTO "главы" ("id", "название", "номер", "текст")
VALUES (1, 'Глава 1', 0, 'Просто умрите... Возможно в следующей жизни повезет больше.'),
 (2, 'Кот найден', 0, 'Пролог. Кот найден. Что же делать дальше? Как с ним обходиться, как выжить и научить жить правильно кота. Вы узнаете об этом всем в следующих главах'),
 (3, 'Задача поиска кота', 0, 'Пролог. Возможно вы задавались себе вопросом: Почему у других есть кот, а у меня нет? Почему у других есть кот, а вас нет? Эта книга о том, что делать, если эти вопросы приходят вам в голову'),
 (4, 'Первый этап поиска', 1, 'Для начала вам стоит поспрашивать у знакомых и друзей. Коты от друзей самые лучшие!'),
 (5, 'Второй этап поиска', 2, 'Если вы получили кота от знакомых, читайте следующую книгу, иначе погуляйте по району, поищите котов без хозяина. Такие коты очень преданные!'),
 (6, 'Третий этап поиска', 3, 'Если вам не подошли предыдущие варианты, попробуте поискать подходящее животное в приюте!'),
 (7, 'Четвертый этап поиска', 4, 'Если для вас подойдет только кот определенной породы, то вы можете купить его, но при этом стоит пользоваться только известными продавщиками!');

INSERT INTO "последняя_глава" ("пользователь", "глава")
VALUES (1, 1),
 (2, 1),
 (3, 1),
 (3, 2),
 (3, 7);